Kinder,Leia,F,20180408124756
High,Scarlett,F,20180407041025
Elementary,Daisy,F,20180408043839
Kinder,Penny,F,20180409104036
Kinder,Tiffany,F,20180407051435
Elementary,Beatrice,F,20180402031106
High,Merylin,F,20180330112949
Kinder,Bryoni,F,20180406114400
University,Cher,F,20180330103401
High,Peace,F,20180409123735
High,Rosemary,F,20180408043456
Elementary,Ada,F,20180404094752
Kinder,Lilly,F,20180408035142
Elementary,Tarah,F,20180408085840
Kinder,Lily,F,20180404115004
University,Celia,F,20180330063417
High,Bridget,F,20180408085743
Elementary,Rachel,F,20180409074348
Elementary,Dede,F,20180405092216
High,Kate,F,20180405040829
Elementary,Sophie,F,20180406034008
High,Lindsey,F,20180402084215
University,Aurore,F,20180331082721
University,Theressa,F,20180403124932
Kinder,Stella,F,20180408023752
High,WIlma,F,20180409043905
High,Arlene,F,20180403125543
Kinder,Yazmin,F,20180403035647
High,Cadence,F,20180331013754
High,Hannah,F,20180405080209
Elementary,Emmy,F,20180403083908
University,Leila,F,20180405114945
University,Taylor,F,20180403015742
High,Barbra,F,20180406034346
High,Luxy,F,20180402030836
Elementary,Norah,F,20180401013632
Elementary,Ella,F,20180331073443
Elementary,Lena,F,20180409082956
Kinder,Haley,F,20180410120654
High,Veronica,F,20180410051712
University,Aaliyah,F,20180330082709
High,Beverly,F,20180401014537
University,Selena,F,20180330114935
Elementary,Amelie,F,20180402035353
University,Natalie,F,20180410052440
Elementary,Tara,F,20180401100655
University,Yvonne,F,20180331055511
Kinder,Phoebe,F,20180330022500
High,Flora,F,20180330113246
Elementary,AmyChloe,F,20180405093242
Elementary,Kalie,F,20180402054345
High,Kim,F,20180410101937
Elementary,Sammy,F,20180404113940
Elementary,Faith,F,20180404014002
University,Candice,F,20180330080635
Kinder,Cindy,F,20180405111245
High,Brenda,F,20180407042931
High,Patty,F,20180403024221
University,Wynona,F,20180407100540
University,Lisa,F,20180408063032
University,Macy,F,20180403120149
University,Hazel,F,20180407055113
University,Violet,F,20180401053948
Elementary,Amy,F,20180402081541
Kinder,Adrianna,F,20180404025558
Kinder,Uma,F,20180331092709
Elementary,Chelsea,F,20180410080537
High,Vivian,F,20180404061438
Elementary,April,F,20180406043143
High,Diane,F,20180402042823
High,Ginger,F,20180410030020
Elementary,Gia,F,20180408014849
University,Clarice,F,20180409043215
High,Audrey,F,20180401022654
Elementary,Sheila,F,20180407075050
Elementary,Winona,F,20180410010402
Kinder,Minerva,F,20180407031228
High,Maggie,F,20180331100402
High,Nichole,F,20180410044958
Kinder,Bonnie,F,20180401085853
Elementary,Maddison,F,20180331100004
Elementary,Evelyn,F,20180403101257
University,Selma,F,20180330011713
Kinder,Angie,F,20180405090128
Kinder,Amber,F,20180401072320
Kinder,Harmony,F,20180331083657
University,Heste,F,20180405084731
Kinder,Kimberly,F,20180330013751
University,Nancy,F,20180330093346
University,Sharyl,F,20180410035851
High,Fanny,F,20180330094725
University,Alexa,F,20180401083133
Kinder,Adele,F,20180401033703
University,Venus,F,20180407063217
Elementary,Rebeca,F,20180403125451
University,Ness,F,20180403020332
Elementary,Jaida,F,20180404074215
Kinder,Natasha,F,20180404010757
Elementary,Ashley,F,20180330100611
University,Laurie,F,20180407091036
University,Jennifer,F,20180330031912
Kinder,Marge,F,20180331022804
High,Heather,F,20180331101334
Kinder,Agatha,F,20180406085013
Elementary,Lilith,F,20180405085052
Kinder,Gretchen,F,20180404022136
Kinder,Bernadette,F,20180401051030
High,Grace,F,20180401052528
Kinder,Kathy,F,20180401062017
Elementary,Florence,F,20180406070917
Kinder,Alene,F,20180403021635
Kinder,Paige,F,20180408100959
Elementary,Alexia,F,20180406010611
High,Vanesa,F,20180404031629
High,Elina,F,20180407114844
High,Marian,F,20180408111041
Kinder,Elisabeth,F,20180401034659
Kinder,Leonore,F,20180404073407
Kinder,Emmaline,F,20180408013024
High,Laila,F,20180330013925
Kinder,Zoe,F,20180402022004
Elementary,Minnie,F,20180408062015
Kinder,Naomi,F,20180404093152
Elementary,Daphne,F,20180402074602
University,Carlize,F,20180408012413
Elementary,Margot,F,20180401093545
University,Alease,F,20180402012722
High,Sasha,F,20180403110059
University,Riley,F,20180401123257
University,Whitney,F,20180330090909
Elementary,Erin,F,20180405042301
Kinder,Candy,F,20180407094754
Kinder,Gillian,F,20180403085721
Elementary,Clarise,F,20180408053936
University,SamanthaSarah,F,20180401080538
Kinder,Beth,F,20180402115204
High,Agnes,F,20180401122805
Elementary,Abbey,F,20180408070743
Kinder,Marlene,F,20180403065059
High,Abigaul,F,20180407051852
Elementary,Alison,F,20180403052834
High,Catherine,F,20180407075428
Elementary,Abby,F,20180402054016
Kinder,Christine,F,20180408065035
High,Sphie,F,20180407091429
High,Jasmine,F,20180408055224
University,Lizzy,F,20180404064117
High,Brooke,F,20180406105525
Kinder,Casey,F,20180404062836
High,Miley,F,20180408031020
Kinder,Belinda,F,20180405061813
Elementary,Melody,F,20180406013103
High,Felicity,F,20180410071418
High,Jade,F,20180405010447
University,Wendy,F,20180407115557
Elementary,Macey,F,20180404023751
High,Scott,M,20180331013919
University,Jake,M,20180330090436
University,Bob,M,20180403105754
Elementary,Brad,M,20180408052847
Elementary,Ashton,M,20180405063354
Kinder,Eli,M,20180401070125
High,Kiefer,M,20180404122836
Elementary,Anold,M,20180402012246
High,Ewan,M,20180407121619
High,Jacob,M,20180405105220
High,Freddie,M,20180409021251
High,Francis,M,20180407021100
Kinder,Dean,M,20180330094257
Kinder,Ivor,M,20180404044857
High,Brian,M,20180405020713
University,Loyd,M,20180408055453
Elementary,Homer,M,20180401010137
Kinder,Nelson,M,20180408102705
High,Ron,M,20180405073551
University,Wilfred,M,20180407035039
Kinder,Niall,M,20180409090316
Elementary,Jerry,M,20180405085420
Elementary,Cedric,M,20180330020255
Kinder,Toby,M,20180331120849
High,Emanuel,M,20180402054307
University,Sean,M,20180331092011
Kinder,Gordon,M,20180407020834
University,Carlton,M,20180407020427
High,Ted,M,20180331054947
University,Timothy,M,20180408010015
Kinder,Clive,M,20180409121634
Kinder,Boone,M,20180407105859
High,Uriel,M,20180403011445
University,Max,M,20180402085844
Kinder,William,M,20180405083926
High,Gus,M,20180330054558
University,Sheldon,M,20180410074923
Elementary,Lance,M,20180407042311
Elementary,Malcm,M,20180330103030
Elementary,Brook,M,20180330100851
Kinder,Rupert,M,20180330105546
University,Larry,M,20180404102527
High,Jim,M,20180407052805
University,David,M,20180407012552
Elementary,Alfred,M,20180405065130
Elementary,Robert,M,20180405102454
High,Blake,M,20180330044609
High,Nicholas,M,20180401082724
University,Clark,M,20180407102600
University,Zev,M,20180330032802
Kinder,Cody,M,20180407120609
University,Carl,M,20180410104912
High,Marshall,M,20180409113110
Elementary,Sutuart,M,20180330114724
Elementary,Killian,M,20180330040905
Elementary,Lee,M,20180404011812
University,Michael,M,20180408041811
University,Clarence,M,20180331044505
Kinder,Monty,M,20180405082857
Kinder,Elvis,M,20180409053824
High,Ned,M,20180331092159
University,Roman,M,20180406040200
Elementary,Ace,M,20180330041723
Elementary,Adam,M,20180408071757
Elementary,Lowell,M,20180401111511
University,Jesse,M,20180406014243
Kinder,Alexander,M,20180401094742
University,Brendan,M,20180402075247
Kinder,Leonard,M,20180409073838
University,Damon,M,20180406043945
Elementary,Craig,M,20180407040454
Elementary,Arthur,M,20180404055427
Kinder,Ossian,M,20180409025423
High,Justin,M,20180408081129
Elementary,Martin,M,20180404111214
Kinder,Johnathan,M,20180402111406
High,Connor,M,20180410011658
Elementary,Asher,M,20180331112716
University,Troy,M,20180402043411
High,Leslie,M,20180406041738
High,Amabel,M,20180403091859
High,Edwin,M,20180330105819
Kinder,Austin,M,20180406073353
Kinder,Frank,M,20180405122032
University,Evan,M,20180404024243
University,John,M,20180331053057
University,Mike,M,20180405092910
Elementary,Angus,M,20180409123825
High,Bernard,M,20180403103455
Elementary,Anthony,M,20180403085320
Elementary,Magnar,M,20180404061220
High,Jeremy,M,20180409101402
University,Bill,M,20180405030012
Kinder,Oliver,M,20180401112541
University,Elton,M,20180407072631
Elementary,Sam,M,20180409050615
Kinder,Ambrose,M,20180401030659
Kinder,Mark,M,20180330090621
Kinder,Ethan,M,20180402080134
Elementary,Oscar,M,20180405092153
High,Erick,M,20180401053019
University,Ryan,M,20180408104848
High,Ben,M,20180330072103
High,Milo,M,20180409060846
High,Oswin,M,20180406071350
Elementary,Trevor,M,20180404023602
University,Liam,M,20180402074221
Elementary,Lukas,M,20180331082913
University,Perce,M,20180407011438
Kinder,Christian,M,20180405061526
High,Luke,M,20180410083043
University,Dustin,M,20180402073205
Kinder,Ronald,M,20180330091916
University,Phillip,M,20180406033132
High,Mitchelll,M,20180403055415
University,Jaden,M,20180403115443
Kinder,Woody,M,20180409090513
University,Jeffrey,M,20180331103025
High,Noah,M,20180407021830
Elementary,Joseph,M,20180409083620
Kinder,Edgar,M,20180401111653
High,Walter,M,20180331020229
Elementary,Aaron,M,20180410112638
Kinder,Benjamin,M,20180409125448
University,Harvey,M,20180409110311
Kinder,Matthey,M,20180402104228
Kinder,Alan,M,20180407094415
Kinder,Quentin,M,20180406054807
Elementary,Marcus,M,20180405031500
University,Braxton,M,20180404050139
Kinder,Ernest,M,20180409082455
Elementary,Garrett,M,20180331080939
University,Jude,M,20180330091027
Elementary,Wilson,M,20180409100924
High,Arlie,M,20180401053401
Elementary,Charlie,M,20180331011403
Elementary,Rob,M,20180331054528
High,Sylvester,M,20180402082533
Kinder,Howard,M,20180406063556
University,Dexter,M,20180330083415
Kinder,Cleveland,M,20180330031951
High,Randolph,M,20180406101427
Kinder,Zachary,M,20180405073303
Kinder,Roger,M,20180403041151
University,Peter,M,20180331080715
High,Nick,M,20180330094427
University,Donald,M,20180410082540
University,Berwin,M,20180401015942
University,Thomas,M,20180405064621
Elementary,Cameron,M,20180402045825
High,Saul,M,20180331070305
Elementary,Gabe,M,20180406110244
Elementary,Wally,M,20180330095356
University,Danny,M,20180331052829
Kinder,Morgan,M,20180406104806
Elementary,Caleb,M,20180407093649
High,Albert,M,20180406114750
Elementary,Dylan,M,20180330052044
Kinder,Cormac,M,20180406055733
University,Anderson,M,20180401105927
University,Christopher,M,20180409034857
Kinder,Phil,M,20180403031355
Elementary,Melville,M,20180403031931
Kinder,Steve,M,20180402104231
Elementary,Gabriel,M,20180402112518
Elementary,Axel,M,20180406042235
Elementary,Warren,M,20180407055858
Elementary,Abraham,M,20180409042434
High,Barney,M,20180330052615
Elementary,Malcolm,M,20180331123952
High,Winston,M,20180330105948
Kinder,Koby,M,20180401083740
High,Keane,M,20180330040141
Elementary,Kasey,M,20180402114247
